strength,box
655.5,1
788.2999878,1
734.2999878,1
721.4000244,1
679.0999756,1
699.4000244,1
789.2000122,2
772.5,2
786.9000244,2
686.0999756,2
732.0999756,2
774.7999878,2
737.0999756,3
639,3
696.2999878,3
671.7000122,3
717.2000122,3
727.0999756,3
535.0999756,4
628.7000122,4
542.4000244,4
559,4
586.9000244,4
520,4
