box1,box2,box3,box4
655.5,789.2000122,737.0999756,535.0999756
788.2999878,772.5,639,628.7000122
734.2999878,786.9000244,696.2999878,542.4000244
721.4000244,686.0999756,671.7000122,559
679.0999756,732.0999756,717.2000122,586.9000244
699.4000244,774.7999878,727.0999756,520
